{"cameraMode":{"drawMode":0,"name":"Shaded","section":"Shading Mode"},"sceneLighting":true,"audioPlay":false,"sceneViewState":{"showFog":false,"showMaterialUpdate":false,"showSkybox":false,"showFlares":false,"showImageEffects":false,"showParticleSystems":false},"in2DMode":false,"pivot":{"x":12.438387870788575,"y":2.4996020793914797,"z":-10.996116638183594},"rotation":{"x":-0.12232046574354172,"y":0.7841814756393433,"z":-0.1637112945318222,"w":-0.5859313607215881},"size":3.503837823867798,"orthographic":false}