{"cameraMode":{"drawMode":0,"name":"Shaded","section":"Shading Mode"},"sceneLighting":true,"audioPlay":false,"sceneViewState":{"showFog":false,"showMaterialUpdate":false,"showSkybox":false,"showFlares":false,"showImageEffects":false,"showParticleSystems":false},"in2DMode":false,"pivot":{"x":12.412214279174805,"y":5.520936965942383,"z":-15.56078052520752},"rotation":{"x":-0.12232046574354172,"y":0.7841814756393433,"z":-0.1637112945318222,"w":-0.5859313607215881},"size":0.8857023119926453,"orthographic":false}