{"cameraMode":{"drawMode":0,"name":"Shaded","section":"Shading Mode"},"sceneLighting":true,"audioPlay":false,"sceneViewState":{"showFog":false,"showMaterialUpdate":false,"showSkybox":false,"showFlares":false,"showImageEffects":false,"showParticleSystems":false},"in2DMode":false,"pivot":{"x":22.36261749267578,"y":-4.326269626617432,"z":-10.521439552307129},"rotation":{"x":-0.09828583896160126,"y":0.8628002405166626,"z":-0.18417875468730927,"w":-0.460428386926651},"size":12.257282257080079,"orthographic":false}